{
  "num_samples": 1615,
  "BLEU4": 3.2556323234054267,
  "METEOR": 19.325517407193264,
  "CIDEr": 0.5117989127970296,
  "PBERT": 0.2668435871601105,
  "RBERT": 0.23066547513008118,
  "FBERT": 0.24810126423835754,
  "SBERTSim": 0.5936402678489685,
  "TemporalCoherence_NSP_true": 0.9985895497184459,
  "TemporalCoherence_NSP_shuffled": 0.9985758884221367,
  "TemporalCoherence_NSP_delta": 1.3661296309197546e-05,
  "TemporalAlignment_DTW": 3.1166370099446548,
  "TemporalContradictionRate_NLI": 0.054843304843304845
}