{
  "num_samples": 1615,
  "BLEU4": 3.3858409261106335,
  "METEOR": 19.60336857252486,
  "CIDEr": 0.5087092808584429,
  "PBERT": 0.26853808760643005,
  "RBERT": 0.23180276155471802,
  "FBERT": 0.24936851859092712,
  "SBERTSim": 0.5949124097824097,
  "TemporalCoherence_NSP_true": 0.9991348526581354,
  "TemporalCoherence_NSP_shuffled": 0.9985767003201695,
  "TemporalCoherence_NSP_delta": 0.000558152337965856,
  "TemporalAlignment_DTW": 3.1077564419943755,
  "TemporalContradictionRate_NLI": 0.05698005698005698
}