{
  "num_samples": 1615,
  "BLEU4": 4.519793741814845,
  "METEOR": 24.710407871033315,
  "CIDEr": 0.5812834766920351,
  "PBERT": 0.24442218244075775,
  "RBERT": 0.25533831119537354,
  "FBERT": 0.24941489100456238,
  "SBERTSim": 0.6133977174758911,
  "TemporalCoherence_NSP_true": 0.999994946921578,
  "TemporalCoherence_NSP_shuffled": 0.9999940835263881,
  "TemporalCoherence_NSP_delta": 8.633951898984193e-07,
  "TemporalAlignment_DTW": 2.9612099612610288,
  "TemporalContradictionRate_NLI": 0.03854389721627409
}