{
  "num_samples": 1615,
  "BLEU4": 4.4545870463955985,
  "METEOR": 24.952472441174706,
  "CIDEr": 0.5794663768114081,
  "PBERT": 0.24242565035820007,
  "RBERT": 0.2556172311306,
  "FBERT": 0.24849674105644226,
  "SBERTSim": 0.6142544150352478,
  "TemporalCoherence_NSP_true": 0.9998094565012385,
  "TemporalCoherence_NSP_shuffled": 0.9999945461537308,
  "TemporalCoherence_NSP_delta": -0.00018508965249230958,
  "TemporalAlignment_DTW": 2.955546824303828,
  "TemporalContradictionRate_NLI": 0.042826552462526764
}