{
  "num_samples": 1615,
  "BLEU4": 4.480120497874516,
  "METEOR": 24.808885465250356,
  "CIDEr": 0.583394590178245,
  "PBERT": 0.24463321268558502,
  "RBERT": 0.2559395730495453,
  "FBERT": 0.24979905784130096,
  "SBERTSim": 0.6148415207862854,
  "TemporalCoherence_NSP_true": 0.999809406086175,
  "TemporalCoherence_NSP_shuffled": 0.999282100342605,
  "TemporalCoherence_NSP_delta": 0.0005273057435699613,
  "TemporalAlignment_DTW": 2.9509662582730343,
  "TemporalContradictionRate_NLI": 0.03997144896502498
}