{
  "num_samples": 1615,
  "BLEU4": 3.9951849710983875,
  "METEOR": 23.573518467096093,
  "CIDEr": 0.5256114180859409,
  "PBERT": 0.23729659616947174,
  "RBERT": 0.2503635883331299,
  "FBERT": 0.24349050223827362,
  "SBERTSim": 0.599687397480011,
  "TemporalCoherence_NSP_true": 0.998951509005544,
  "TemporalCoherence_NSP_shuffled": 0.9999944667870503,
  "TemporalCoherence_NSP_delta": -0.0010429577815063151,
  "TemporalAlignment_DTW": 3.07510300626417,
  "TemporalContradictionRate_NLI": 0.045584045584045586
}