{
  "num_samples": 1043,
  "BLEU4": 3.7148214990846142,
  "METEOR": 23.233557996873376,
  "CIDEr": 0.5051908431564831,
  "PBERT": 0.2318117320537567,
  "RBERT": 0.24122141301631927,
  "FBERT": 0.23614299297332764,
  "SBERTSim": 0.5988584756851196,
  "TemporalCoherence_NSP_true": 0.999993160169209,
  "TemporalCoherence_NSP_shuffled": 0.9999944618449802,
  "TemporalCoherence_NSP_delta": -1.301675771170352e-06,
  "TemporalAlignment_DTW": 3.0306501936676016,
  "TemporalContradictionRate_NLI": 0.04424778761061947
}