{
  "num_samples": 1615,
  "PBERT": 0.17633429169654846,
  "RBERT": 0.2796606123447418,
  "FBERT": 0.22716234624385834,
  "SBERTSim": 0.5910999178886414,
  "TemporalCoherence_NSP_true": 0.9999953827824033,
  "TemporalCoherence_NSP_shuffled": 0.9999949193934105,
  "TemporalCoherence_NSP_delta": 4.6338899284403823e-07,
  "TemporalAlignment_DTW": 3.0160333799372596,
  "TemporalContradictionRate_NLI": 0.030604982206405694
}