{
  "num_samples": 1615,
  "BLEU4": 4.929029653169229,
  "METEOR": 26.186869384838467,
  "CIDEr": 0.6080664554490512,
  "PBERT": 0.254321426153183,
  "RBERT": 0.27816736698150635,
  "FBERT": 0.2657061517238617,
  "SBERTSim": 0.6253669857978821,
  "TemporalCoherence_NSP_true": 0.9999944840425775,
  "TemporalCoherence_NSP_shuffled": 0.9999802155912729,
  "TemporalCoherence_NSP_delta": 1.4268451304588758e-05,
  "TemporalAlignment_DTW": 2.87452912966106,
  "TemporalContradictionRate_NLI": 0.04490377761938703
}