{
  "num_samples": 1615,
  "BLEU4": 4.933919247101483,
  "METEOR": 26.609560636707958,
  "CIDEr": 0.6119505900253438,
  "PBERT": 0.2546774446964264,
  "RBERT": 0.28009524941444397,
  "FBERT": 0.26687514781951904,
  "SBERTSim": 0.6267045140266418,
  "TemporalCoherence_NSP_true": 0.9999914233461925,
  "TemporalCoherence_NSP_shuffled": 0.9999941578101704,
  "TemporalCoherence_NSP_delta": -2.7344639779158797e-06,
  "TemporalAlignment_DTW": 2.862454421835867,
  "TemporalContradictionRate_NLI": 0.04775481111903065
}