{
  "num_samples": 1615,
  "BLEU4": 4.863927214455246,
  "METEOR": 26.28533335820839,
  "CIDEr": 0.603195329264946,
  "PBERT": 0.2536819577217102,
  "RBERT": 0.2779514193534851,
  "FBERT": 0.2652674615383148,
  "SBERTSim": 0.6257834434509277,
  "TemporalCoherence_NSP_true": 0.9999944447026623,
  "TemporalCoherence_NSP_shuffled": 0.9999490098620175,
  "TemporalCoherence_NSP_delta": 4.543484064478687e-05,
  "TemporalAlignment_DTW": 2.8677548480968325,
  "TemporalContradictionRate_NLI": 0.05060584461867427
}