{
  "num_samples": 1615,
  "BLEU4": 3.102891040305843,
  "METEOR": 23.430080950073688,
  "CIDEr": 0.3999348430671483,
  "PBERT": 0.18366079032421112,
  "RBERT": 0.25418323278427124,
  "FBERT": 0.21839575469493866,
  "SBERTSim": 0.5914435982704163,
  "TemporalCoherence_NSP_true": 0.9999952372322735,
  "TemporalCoherence_NSP_shuffled": 0.9999932408163011,
  "TemporalCoherence_NSP_delta": 1.9964159723162567e-06,
  "TemporalAlignment_DTW": 3.1365520667989175,
  "TemporalContradictionRate_NLI": 0.03205128205128205
}