{
  "num_samples": 1390,
  "BLEU4": 2.5556709148435686,
  "METEOR": 22.68852053311879,
  "CIDEr": 0.3559370302657595,
  "PBERT": 0.16694529354572296,
  "RBERT": 0.24330049753189087,
  "FBERT": 0.20455673336982727,
  "SBERTSim": 0.5879657864570618,
  "TemporalCoherence_NSP_true": 0.9999950769437123,
  "TemporalCoherence_NSP_shuffled": 0.9999947228832039,
  "TemporalCoherence_NSP_delta": 3.540605083562909e-07,
  "TemporalAlignment_DTW": 3.101849209393515,
  "TemporalContradictionRate_NLI": 0.03325020781379884
}