{
  "num_samples": 1615,
  "BLEU4": 2.6591754189056616,
  "METEOR": 22.57686202973615,
  "CIDEr": 0.35835568150428293,
  "PBERT": 0.17236773669719696,
  "RBERT": 0.24783861637115479,
  "FBERT": 0.20956097543239594,
  "SBERTSim": 0.5863605737686157,
  "TemporalCoherence_NSP_true": 0.9999287286375322,
  "TemporalCoherence_NSP_shuffled": 0.9999747853248547,
  "TemporalCoherence_NSP_delta": -4.605668732249324e-05,
  "TemporalAlignment_DTW": 3.1754846166099897,
  "TemporalContradictionRate_NLI": 0.03561253561253561
}