{
  "num_samples": 1615,
  "BLEU4": 3.955144711993536,
  "METEOR": 23.33999389200484,
  "CIDEr": 0.5239861305560166,
  "PBERT": 0.23774826526641846,
  "RBERT": 0.2504059970378876,
  "FBERT": 0.24375604093074799,
  "SBERTSim": 0.6010240316390991,
  "TemporalCoherence_NSP_true": 0.9999949533035952,
  "TemporalCoherence_NSP_shuffled": 0.9999946539218609,
  "TemporalCoherence_NSP_delta": 2.993817342922256e-07,
  "TemporalAlignment_DTW": 3.065342521720598,
  "TemporalContradictionRate_NLI": 0.039886039886039885
}