{
  "num_samples": 1615,
  "BLEU4": 4.085374980874115,
  "METEOR": 24.19375869067448,
  "CIDEr": 0.55657867786859,
  "PBERT": 0.24912641942501068,
  "RBERT": 0.2596578598022461,
  "FBERT": 0.253921777009964,
  "SBERTSim": 0.6083428859710693,
  "TemporalCoherence_NSP_true": 0.9999950849092923,
  "TemporalCoherence_NSP_shuffled": 0.9999938835615446,
  "TemporalCoherence_NSP_delta": 1.201347747725734e-06,
  "TemporalAlignment_DTW": 3.005836661248538,
  "TemporalContradictionRate_NLI": 0.046296296296296294
}