{
  "num_samples": 1615,
  "BLEU4": 4.243174391095608,
  "METEOR": 24.3075927558597,
  "CIDEr": 0.5604525532724648,
  "PBERT": 0.2523360550403595,
  "RBERT": 0.2616598606109619,
  "FBERT": 0.256562739610672,
  "SBERTSim": 0.6089537143707275,
  "TemporalCoherence_NSP_true": 0.9999951696463799,
  "TemporalCoherence_NSP_shuffled": 0.9999944349469623,
  "TemporalCoherence_NSP_delta": 7.346994176371524e-07,
  "TemporalAlignment_DTW": 3.002109519498202,
  "TemporalContradictionRate_NLI": 0.04700854700854701
}