{
  "num_samples": 1615,
  "BLEU4": 4.222914139047156,
  "METEOR": 24.440542249693774,
  "CIDEr": 0.5507036369070305,
  "PBERT": 0.2504540681838989,
  "RBERT": 0.26095613837242126,
  "FBERT": 0.2552339434623718,
  "SBERTSim": 0.6079146265983582,
  "TemporalCoherence_NSP_true": 0.9999950844847578,
  "TemporalCoherence_NSP_shuffled": 0.9999943356483411,
  "TemporalCoherence_NSP_delta": 7.488364167640427e-07,
  "TemporalAlignment_DTW": 3.0090902250901075,
  "TemporalContradictionRate_NLI": 0.04700854700854701
}