{
  "num_samples": 1615,
  "BLEU4": 3.45213589753103,
  "METEOR": 19.53540572673781,
  "CIDEr": 0.5233700876387887,
  "PBERT": 0.2731800675392151,
  "RBERT": 0.23404236137866974,
  "FBERT": 0.25294607877731323,
  "SBERTSim": 0.5929778218269348,
  "TemporalCoherence_NSP_true": 0.9992874263393748,
  "TemporalCoherence_NSP_shuffled": 0.9992814083669306,
  "TemporalCoherence_NSP_delta": 6.017972444261055e-06,
  "TemporalAlignment_DTW": 3.119721123463614,
  "TemporalContradictionRate_NLI": 0.05698005698005698
}